-- phpMyAdmin SQL Dump
-- version 4.0.10deb1
-- http://www.phpmyadmin.net
--
-- Host: localhost
-- Generation Time: Jan 28, 2015 at 10:35 PM
-- Server version: 5.6.19-0ubuntu0.14.04.1
-- PHP Version: 5.5.9-1ubuntu4.5

SET SQL_MODE = "NO_AUTO_VALUE_ON_ZERO";
SET time_zone = "+00:00";


/*!40101 SET @OLD_CHARACTER_SET_CLIENT=@@CHARACTER_SET_CLIENT */;
/*!40101 SET @OLD_CHARACTER_SET_RESULTS=@@CHARACTER_SET_RESULTS */;
/*!40101 SET @OLD_COLLATION_CONNECTION=@@COLLATION_CONNECTION */;
/*!40101 SET NAMES utf8 */;

--
-- Database: `test_infected_no_tickets`
--

-- --------------------------------------------------------

--
-- Table structure for table `checkinstates`
--

CREATE TABLE IF NOT EXISTS `checkinstates` (
  `id` int(11) NOT NULL AUTO_INCREMENT,
  `ticketId` int(11) NOT NULL,
  `userId` int(11) NOT NULL,
  PRIMARY KEY (`id`)
) ENGINE=InnoDB DEFAULT CHARSET=latin1 AUTO_INCREMENT=1;

-- --------------------------------------------------------

--
-- Table structure for table `entrances`
--

CREATE TABLE IF NOT EXISTS `entrances` (
  `id` int(11) NOT NULL AUTO_INCREMENT,
  `name` varchar(32) NOT NULL,
  `title` varchar(32) NOT NULL,
  PRIMARY KEY (`id`)
) ENGINE=InnoDB  DEFAULT CHARSET=latin1 AUTO_INCREMENT=1;

--
-- Dumping data for table `entrances`
--

INSERT INTO `entrances` (`id`, `name`, `title`) VALUES
(1, 'radar-cafe', 'Radar Cafe'),
(2, 'biblioteket', 'Biblioteket');

-- --------------------------------------------------------

--
-- Table structure for table `payments`
--

CREATE TABLE IF NOT EXISTS `payments` (
  `id` int(11) NOT NULL AUTO_INCREMENT,
  `userId` int(11) NOT NULL,
  `ticketType` int(11) NOT NULL,
  `price` int(11) NOT NULL,
  `totalPrice` int(11) NOT NULL,
  `transactionId` varchar(64) NOT NULL,
  `datetime` datetime NOT NULL,
  PRIMARY KEY (`id`)
) ENGINE=InnoDB DEFAULT CHARSET=latin1 AUTO_INCREMENT=1;

-- --------------------------------------------------------

--
-- Table structure for table `rows`
--

CREATE TABLE IF NOT EXISTS `rows` (
  `id` int(11) NOT NULL AUTO_INCREMENT,
  `number` int(11) NOT NULL,
  `x` int(11) NOT NULL,
  `y` int(11) NOT NULL,
  `entrance` int(11) NOT NULL,
  `seatmap` int(11) NOT NULL,
  PRIMARY KEY (`id`)
) ENGINE=InnoDB  DEFAULT CHARSET=latin1 AUTO_INCREMENT=1;

--
-- Dumping data for table `rows`
--

INSERT INTO `rows` (`id`, `number`, `x`, `y`, `entrance`, `seatmap`) VALUES
(1, 1, 5, 641, 1, 3),
(2, 2, 42, 641, 1, 3),
(3, 3, 87, 641, 1, 3),
(4, 4, 124, 641, 1, 3),
(5, 5, 169, 641, 1, 3),
(6, 6, 206, 641, 1, 3),
(7, 7, 251, 641, 1, 3),
(8, 8, 288, 641, 1, 3),
(9, 9, 423, 670, 2, 3),
(10, 10, 460, 670, 2, 3),
(11, 11, 505, 670, 2, 3),
(12, 12, 542, 670, 2, 3),
(13, 13, 618, 50, 2, 3),
(14, 14, 655, 50, 2, 3),
(15, 15, 700, 50, 2, 3),
(16, 16, 737, 50, 2, 3),
(17, 17, 618, 1054, 1, 3),
(18, 18, 655, 1054, 1, 3),
(19, 19, 700, 1054, 1, 3),
(20, 20, 737, 1054, 1, 3),
(21, 1, 5, 641, 1, 4),
(22, 2, 42, 641, 1, 4),
(23, 3, 87, 641, 1, 4),
(24, 4, 124, 641, 1, 4),
(25, 5, 169, 641, 1, 4),
(26, 6, 206, 641, 1, 4),
(27, 7, 251, 641, 1, 4),
(28, 8, 288, 641, 1, 4),
(29, 9, 423, 670, 2, 4),
(30, 10, 460, 670, 2, 4),
(31, 11, 505, 670, 2, 4),
(32, 12, 542, 670, 2, 4),
(33, 13, 618, 50, 2, 4),
(34, 14, 655, 50, 2, 4),
(35, 15, 700, 50, 2, 4),
(36, 16, 737, 50, 2, 4),
(37, 17, 618, 1054, 1, 4),
(38, 18, 655, 1054, 1, 4),
(39, 19, 700, 1054, 1, 4),
(40, 20, 737, 1054, 1, 4),
(41, 1, 5, 641, 1, 5),
(42, 2, 42, 641, 1, 5),
(43, 3, 87, 641, 1, 5),
(44, 4, 124, 641, 1, 5),
(45, 5, 169, 641, 1, 5),
(46, 6, 206, 641, 1, 5),
(47, 7, 251, 641, 1, 5),
(48, 8, 288, 641, 1, 5),
(49, 9, 423, 670, 2, 5),
(50, 10, 460, 670, 2, 5),
(51, 11, 505, 670, 2, 5),
(52, 12, 542, 670, 2, 5),
(53, 13, 618, 50, 2, 5),
(54, 14, 655, 50, 2, 5),
(55, 15, 700, 50, 2, 5),
(56, 16, 737, 50, 2, 5),
(57, 17, 618, 1054, 1, 5),
(58, 18, 655, 1054, 1, 5),
(59, 19, 700, 1054, 1, 5),
(60, 20, 737, 1054, 1, 5);

-- --------------------------------------------------------

--
-- Table structure for table `seatmaps`
--

CREATE TABLE IF NOT EXISTS `seatmaps` (
  `id` int(11) NOT NULL AUTO_INCREMENT,
  `humanName` varchar(64) NOT NULL,
  `backgroundImage` varchar(64) NOT NULL,
  PRIMARY KEY (`id`)
) ENGINE=InnoDB  DEFAULT CHARSET=latin1 AUTO_INCREMENT=1;

--
-- Dumping data for table `seatmaps`
--

INSERT INTO `seatmaps` (`id`, `humanName`, `backgroundImage`) VALUES
(1, 'Infected Høst 2013', '3c909dc398ff5d8325e95d73dba7c0c6.jpg'),
(2, 'Infected Vinter 2014', '3c909dc398ff5d8325e95d73dba7c0c6.jpg'),
(3, 'Infected Høst 2014', '3c909dc398ff5d8325e95d73dba7c0c6.jpg'),
(4, 'Infected Vinter 2015', '3c909dc398ff5d8325e95d73dba7c0c6.jpg'),
(5, 'Infected Høst 2015', '3c909dc398ff5d8325e95d73dba7c0c6.jpg'),
(6, 'Infected Vinter 2016', '3c909dc398ff5d8325e95d73dba7c0c6.jpg'),
(7, 'Infected Høst 2016', '3c909dc398ff5d8325e95d73dba7c0c6.jpg'),
(8, 'Infected Vinter 2017', '3c909dc398ff5d8325e95d73dba7c0c6.jpg'),
(9, 'Infected Høst 2017', '3c909dc398ff5d8325e95d73dba7c0c6.jpg'),
(10, 'Infected Vinter 2018', '3c909dc398ff5d8325e95d73dba7c0c6.jpg');

-- --------------------------------------------------------

--
-- Table structure for table `seats`
--

CREATE TABLE IF NOT EXISTS `seats` (
  `id` int(11) NOT NULL AUTO_INCREMENT,
  `rowId` int(11) NOT NULL,
  `number` int(11) NOT NULL,
  PRIMARY KEY (`id`)
) ENGINE=InnoDB  DEFAULT CHARSET=latin1 AUTO_INCREMENT=1;

--
-- Dumping data for table `seats`
--

INSERT INTO `seats` (`id`, `rowId`, `number`) VALUES
(1, 1, 1),
(2, 1, 2),
(3, 1, 3),
(4, 1, 4),
(5, 1, 5),
(6, 1, 6),
(7, 1, 7),
(8, 1, 8),
(9, 1, 9),
(10, 1, 10),
(11, 1, 11),
(12, 1, 12),
(13, 1, 13),
(14, 1, 14),
(15, 1, 15),
(16, 1, 16),
(17, 1, 17),
(18, 1, 18),
(19, 2, 1),
(20, 2, 2),
(21, 2, 3),
(22, 2, 4),
(23, 2, 5),
(24, 2, 6),
(25, 2, 7),
(26, 2, 8),
(27, 2, 9),
(28, 2, 10),
(29, 2, 11),
(30, 2, 12),
(31, 2, 13),
(32, 2, 14),
(33, 2, 15),
(34, 2, 16),
(35, 2, 17),
(36, 2, 18),
(37, 3, 1),
(38, 3, 2),
(39, 3, 3),
(40, 3, 4),
(41, 3, 5),
(42, 3, 6),
(43, 3, 7),
(44, 3, 8),
(45, 3, 9),
(46, 3, 10),
(47, 3, 11),
(48, 3, 12),
(49, 3, 13),
(50, 3, 14),
(51, 3, 15),
(52, 3, 16),
(53, 3, 17),
(54, 3, 18),
(55, 4, 1),
(56, 4, 2),
(57, 4, 3),
(58, 4, 4),
(59, 4, 5),
(60, 4, 6),
(61, 4, 7),
(62, 4, 8),
(63, 4, 9),
(64, 4, 10),
(65, 4, 11),
(66, 4, 12),
(67, 4, 13),
(68, 4, 14),
(69, 4, 15),
(70, 4, 16),
(71, 4, 17),
(72, 4, 18),
(73, 5, 1),
(74, 5, 2),
(75, 5, 3),
(76, 5, 4),
(77, 5, 5),
(78, 5, 6),
(79, 5, 7),
(80, 5, 8),
(81, 5, 9),
(82, 5, 10),
(83, 5, 11),
(84, 5, 12),
(85, 5, 13),
(86, 5, 14),
(87, 5, 15),
(88, 5, 16),
(89, 5, 17),
(90, 5, 18),
(91, 6, 1),
(92, 6, 2),
(93, 6, 3),
(94, 6, 4),
(95, 6, 5),
(96, 6, 6),
(97, 6, 7),
(98, 6, 8),
(99, 6, 9),
(100, 6, 10),
(101, 6, 11),
(102, 6, 12),
(103, 6, 13),
(104, 6, 14),
(105, 6, 15),
(106, 6, 16),
(107, 6, 17),
(108, 6, 18),
(109, 7, 1),
(110, 7, 2),
(111, 7, 3),
(112, 7, 4),
(113, 7, 5),
(114, 7, 6),
(115, 7, 7),
(116, 7, 8),
(117, 7, 9),
(118, 7, 10),
(119, 7, 11),
(120, 7, 12),
(121, 7, 13),
(122, 7, 14),
(123, 7, 15),
(124, 7, 16),
(125, 7, 17),
(126, 7, 18),
(127, 8, 1),
(128, 8, 2),
(129, 8, 3),
(130, 8, 4),
(131, 8, 5),
(132, 8, 6),
(133, 8, 7),
(134, 8, 8),
(135, 8, 9),
(136, 8, 10),
(137, 8, 11),
(138, 8, 12),
(139, 8, 13),
(140, 8, 14),
(141, 8, 15),
(142, 8, 16),
(143, 8, 17),
(144, 8, 18),
(145, 9, 1),
(146, 9, 2),
(147, 9, 3),
(148, 9, 4),
(149, 9, 5),
(150, 9, 6),
(151, 9, 7),
(152, 9, 8),
(153, 9, 9),
(154, 9, 10),
(155, 9, 11),
(156, 9, 12),
(157, 9, 13),
(158, 9, 14),
(159, 9, 15),
(160, 9, 16),
(161, 9, 17),
(162, 9, 18),
(163, 9, 19),
(164, 9, 20),
(165, 10, 1),
(166, 10, 2),
(167, 10, 3),
(168, 10, 4),
(169, 10, 5),
(170, 10, 6),
(171, 10, 7),
(172, 10, 8),
(173, 10, 9),
(174, 10, 10),
(175, 10, 11),
(176, 10, 12),
(177, 10, 13),
(178, 10, 14),
(179, 10, 15),
(180, 10, 16),
(181, 10, 17),
(182, 10, 18),
(183, 10, 19),
(184, 10, 20),
(185, 11, 1),
(186, 11, 2),
(187, 11, 3),
(188, 11, 4),
(189, 11, 5),
(190, 11, 6),
(191, 11, 7),
(192, 11, 8),
(193, 11, 9),
(194, 11, 10),
(195, 11, 11),
(196, 11, 12),
(197, 11, 13),
(198, 11, 14),
(199, 11, 15),
(200, 11, 16),
(201, 11, 17),
(202, 11, 18),
(203, 11, 19),
(204, 11, 20),
(205, 12, 1),
(206, 12, 2),
(207, 12, 3),
(208, 12, 4),
(209, 12, 5),
(210, 12, 6),
(211, 12, 7),
(212, 12, 8),
(213, 12, 9),
(214, 12, 10),
(215, 12, 11),
(216, 12, 12),
(217, 12, 13),
(218, 12, 14),
(219, 12, 15),
(220, 12, 16),
(221, 12, 17),
(222, 12, 18),
(223, 12, 19),
(224, 12, 20),
(225, 13, 1),
(226, 13, 2),
(227, 13, 3),
(228, 13, 4),
(229, 13, 5),
(230, 13, 6),
(231, 13, 7),
(232, 13, 8),
(233, 13, 9),
(234, 13, 10),
(235, 13, 11),
(236, 13, 12),
(237, 13, 13),
(238, 13, 14),
(239, 13, 15),
(240, 13, 16),
(241, 13, 17),
(242, 13, 18),
(243, 13, 19),
(244, 13, 20),
(245, 13, 21),
(246, 13, 22),
(247, 13, 23),
(248, 13, 24),
(249, 13, 25),
(250, 13, 26),
(251, 13, 27),
(252, 13, 28),
(253, 14, 1),
(254, 14, 2),
(255, 14, 3),
(256, 14, 4),
(257, 14, 5),
(258, 14, 6),
(259, 14, 7),
(260, 14, 8),
(261, 14, 9),
(262, 14, 10),
(263, 14, 11),
(264, 14, 12),
(265, 14, 13),
(266, 14, 14),
(267, 14, 15),
(268, 14, 16),
(269, 14, 17),
(270, 14, 18),
(271, 14, 19),
(272, 14, 20),
(273, 14, 21),
(274, 14, 22),
(275, 14, 23),
(276, 14, 24),
(277, 14, 25),
(278, 14, 26),
(279, 14, 27),
(280, 14, 28),
(281, 15, 1),
(282, 15, 2),
(283, 15, 3),
(284, 15, 4),
(285, 15, 5),
(286, 15, 6),
(287, 15, 7),
(288, 15, 8),
(289, 15, 9),
(290, 15, 10),
(291, 15, 11),
(292, 15, 12),
(293, 15, 13),
(294, 15, 14),
(295, 15, 15),
(296, 15, 16),
(297, 15, 17),
(298, 15, 18),
(299, 15, 19),
(300, 15, 20),
(301, 15, 21),
(302, 15, 22),
(303, 15, 23),
(304, 15, 24),
(305, 15, 25),
(306, 15, 26),
(307, 15, 27),
(308, 15, 28),
(309, 16, 1),
(310, 16, 2),
(311, 16, 3),
(312, 16, 4),
(313, 16, 5),
(314, 16, 6),
(315, 16, 7),
(316, 16, 8),
(317, 16, 9),
(318, 16, 10),
(319, 16, 11),
(320, 16, 12),
(321, 16, 13),
(322, 16, 14),
(323, 16, 15),
(324, 16, 16),
(325, 16, 17),
(326, 16, 18),
(327, 16, 19),
(328, 16, 20),
(329, 16, 21),
(330, 16, 22),
(331, 16, 23),
(332, 16, 24),
(333, 16, 25),
(334, 16, 26),
(335, 16, 27),
(336, 16, 28),
(337, 17, 1),
(338, 17, 2),
(339, 17, 3),
(340, 17, 4),
(341, 17, 5),
(342, 17, 6),
(343, 17, 7),
(344, 17, 8),
(345, 18, 1),
(346, 18, 2),
(347, 18, 3),
(348, 18, 4),
(349, 18, 5),
(350, 18, 6),
(351, 18, 7),
(352, 18, 8),
(353, 19, 1),
(354, 19, 2),
(355, 19, 3),
(356, 19, 4),
(357, 19, 5),
(358, 19, 6),
(359, 19, 7),
(360, 19, 8),
(361, 20, 1),
(362, 20, 2),
(363, 20, 3),
(364, 20, 4),
(365, 20, 5),
(366, 20, 6),
(367, 20, 7),
(368, 20, 8),
(369, 21, 1),
(370, 21, 2),
(371, 21, 3),
(372, 21, 4),
(373, 21, 5),
(374, 21, 6),
(375, 21, 7),
(376, 21, 8),
(377, 21, 9),
(378, 21, 10),
(379, 21, 11),
(380, 21, 12),
(381, 21, 13),
(382, 21, 14),
(383, 21, 15),
(384, 21, 16),
(385, 21, 17),
(386, 21, 18),
(387, 22, 1),
(388, 22, 2),
(389, 22, 3),
(390, 22, 4),
(391, 22, 5),
(392, 22, 6),
(393, 22, 7),
(394, 22, 8),
(395, 22, 9),
(396, 22, 10),
(397, 22, 11),
(398, 22, 12),
(399, 22, 13),
(400, 22, 14),
(401, 22, 15),
(402, 22, 16),
(403, 22, 17),
(404, 22, 18),
(405, 23, 1),
(406, 23, 2),
(407, 23, 3),
(408, 23, 4),
(409, 23, 5),
(410, 23, 6),
(411, 23, 7),
(412, 23, 8),
(413, 23, 9),
(414, 23, 10),
(415, 23, 11),
(416, 23, 12),
(417, 23, 13),
(418, 23, 14),
(419, 23, 15),
(420, 23, 16),
(421, 23, 17),
(422, 23, 18),
(423, 24, 1),
(424, 24, 2),
(425, 24, 3),
(426, 24, 4),
(427, 24, 5),
(428, 24, 6),
(429, 24, 7),
(430, 24, 8),
(431, 24, 9),
(432, 24, 10),
(433, 24, 11),
(434, 24, 12),
(435, 24, 13),
(436, 24, 14),
(437, 24, 15),
(438, 24, 16),
(439, 24, 17),
(440, 24, 18),
(441, 25, 1),
(442, 25, 2),
(443, 25, 3),
(444, 25, 4),
(445, 25, 5),
(446, 25, 6),
(447, 25, 7),
(448, 25, 8),
(449, 25, 9),
(450, 25, 10),
(451, 25, 11),
(452, 25, 12),
(453, 25, 13),
(454, 25, 14),
(455, 25, 15),
(456, 25, 16),
(457, 25, 17),
(458, 25, 18),
(459, 26, 1),
(460, 26, 2),
(461, 26, 3),
(462, 26, 4),
(463, 26, 5),
(464, 26, 6),
(465, 26, 7),
(466, 26, 8),
(467, 26, 9),
(468, 26, 10),
(469, 26, 11),
(470, 26, 12),
(471, 26, 13),
(472, 26, 14),
(473, 26, 15),
(474, 26, 16),
(475, 26, 17),
(476, 26, 18),
(477, 27, 1),
(478, 27, 2),
(479, 27, 3),
(480, 27, 4),
(481, 27, 5),
(482, 27, 6),
(483, 27, 7),
(484, 27, 8),
(485, 27, 9),
(486, 27, 10),
(487, 27, 11),
(488, 27, 12),
(489, 27, 13),
(490, 27, 14),
(491, 27, 15),
(492, 27, 16),
(493, 27, 17),
(494, 27, 18),
(495, 28, 1),
(496, 28, 2),
(497, 28, 3),
(498, 28, 4),
(499, 28, 5),
(500, 28, 6),
(501, 28, 7),
(502, 28, 8),
(503, 28, 9),
(504, 28, 10),
(505, 28, 11),
(506, 28, 12),
(507, 28, 13),
(508, 28, 14),
(509, 28, 15),
(510, 28, 16),
(511, 28, 17),
(512, 28, 18),
(513, 29, 1),
(514, 29, 2),
(515, 29, 3),
(516, 29, 4),
(517, 29, 5),
(518, 29, 6),
(519, 29, 7),
(520, 29, 8),
(521, 29, 9),
(522, 29, 10),
(523, 29, 11),
(524, 29, 12),
(525, 29, 13),
(526, 29, 14),
(527, 29, 15),
(528, 29, 16),
(529, 29, 17),
(530, 29, 18),
(531, 29, 19),
(532, 29, 20),
(533, 30, 1),
(534, 30, 2),
(535, 30, 3),
(536, 30, 4),
(537, 30, 5),
(538, 30, 6),
(539, 30, 7),
(540, 30, 8),
(541, 30, 9),
(542, 30, 10),
(543, 30, 11),
(544, 30, 12),
(545, 30, 13),
(546, 30, 14),
(547, 30, 15),
(548, 30, 16),
(549, 30, 17),
(550, 30, 18),
(551, 30, 19),
(552, 30, 20),
(553, 31, 1),
(554, 31, 2),
(555, 31, 3),
(556, 31, 4),
(557, 31, 5),
(558, 31, 6),
(559, 31, 7),
(560, 31, 8),
(561, 31, 9),
(562, 31, 10),
(563, 31, 11),
(564, 31, 12),
(565, 31, 13),
(566, 31, 14),
(567, 31, 15),
(568, 31, 16),
(569, 31, 17),
(570, 31, 18),
(571, 31, 19),
(572, 31, 20),
(573, 32, 1),
(574, 32, 2),
(575, 32, 3),
(576, 32, 4),
(577, 32, 5),
(578, 32, 6),
(579, 32, 7),
(580, 32, 8),
(581, 32, 9),
(582, 32, 10),
(583, 32, 11),
(584, 32, 12),
(585, 32, 13),
(586, 32, 14),
(587, 32, 15),
(588, 32, 16),
(589, 32, 17),
(590, 32, 18),
(591, 32, 19),
(592, 32, 20),
(593, 33, 1),
(594, 33, 2),
(595, 33, 3),
(596, 33, 4),
(597, 33, 5),
(598, 33, 6),
(599, 33, 7),
(600, 33, 8),
(601, 33, 9),
(602, 33, 10),
(603, 33, 11),
(604, 33, 12),
(605, 33, 13),
(606, 33, 14),
(607, 33, 15),
(608, 33, 16),
(609, 33, 17),
(610, 33, 18),
(611, 33, 19),
(612, 33, 20),
(613, 33, 21),
(614, 33, 22),
(615, 33, 23),
(616, 33, 24),
(617, 33, 25),
(618, 33, 26),
(619, 33, 27),
(620, 33, 28),
(621, 34, 1),
(622, 34, 2),
(623, 34, 3),
(624, 34, 4),
(625, 34, 5),
(626, 34, 6),
(627, 34, 7),
(628, 34, 8),
(629, 34, 9),
(630, 34, 10),
(631, 34, 11),
(632, 34, 12),
(633, 34, 13),
(634, 34, 14),
(635, 34, 15),
(636, 34, 16),
(637, 34, 17),
(638, 34, 18),
(639, 34, 19),
(640, 34, 20),
(641, 34, 21),
(642, 34, 22),
(643, 34, 23),
(644, 34, 24),
(645, 34, 25),
(646, 34, 26),
(647, 34, 27),
(648, 34, 28),
(649, 35, 1),
(650, 35, 2),
(651, 35, 3),
(652, 35, 4),
(653, 35, 5),
(654, 35, 6),
(655, 35, 7),
(656, 35, 8),
(657, 35, 9),
(658, 35, 10),
(659, 35, 11),
(660, 35, 12),
(661, 35, 13),
(662, 35, 14),
(663, 35, 15),
(664, 35, 16),
(665, 35, 17),
(666, 35, 18),
(667, 35, 19),
(668, 35, 20),
(669, 35, 21),
(670, 35, 22),
(671, 35, 23),
(672, 35, 24),
(673, 35, 25),
(674, 35, 26),
(675, 35, 27),
(676, 35, 28),
(677, 36, 1),
(678, 36, 2),
(679, 36, 3),
(680, 36, 4),
(681, 36, 5),
(682, 36, 6),
(683, 36, 7),
(684, 36, 8),
(685, 36, 9),
(686, 36, 10),
(687, 36, 11),
(688, 36, 12),
(689, 36, 13),
(690, 36, 14),
(691, 36, 15),
(692, 36, 16),
(693, 36, 17),
(694, 36, 18),
(695, 36, 19),
(696, 36, 20),
(697, 36, 21),
(698, 36, 22),
(699, 36, 23),
(700, 36, 24),
(701, 36, 25),
(702, 36, 26),
(703, 36, 27),
(704, 36, 28),
(705, 37, 1),
(706, 37, 2),
(707, 37, 3),
(708, 37, 4),
(709, 37, 5),
(710, 37, 6),
(711, 37, 7),
(712, 37, 8),
(713, 38, 1),
(714, 38, 2),
(715, 38, 3),
(716, 38, 4),
(717, 38, 5),
(718, 38, 6),
(719, 38, 7),
(720, 38, 8),
(721, 39, 1),
(722, 39, 2),
(723, 39, 3),
(724, 39, 4),
(725, 39, 5),
(726, 39, 6),
(727, 39, 7),
(728, 39, 8),
(729, 40, 1),
(730, 40, 2),
(731, 40, 3),
(732, 40, 4),
(733, 40, 5),
(734, 40, 6),
(735, 40, 7),
(736, 40, 8);

-- --------------------------------------------------------

--
-- Table structure for table `storesessions`
--

CREATE TABLE IF NOT EXISTS `storesessions` (
  `id` int(11) NOT NULL AUTO_INCREMENT,
  `userId` int(11) NOT NULL,
  `ticketType` int(11) NOT NULL,
  `amount` int(11) NOT NULL,
  `code` varchar(64) NOT NULL,
  `price` int(11) NOT NULL,
  `datetime` datetime NOT NULL,
  PRIMARY KEY (`id`)
) ENGINE=InnoDB DEFAULT CHARSET=latin1 AUTO_INCREMENT=1;

-- --------------------------------------------------------

--
-- Table structure for table `tickets`
--

CREATE TABLE IF NOT EXISTS `tickets` (
  `id` int(11) NOT NULL AUTO_INCREMENT,
  `eventId` int(11) NOT NULL,
  `paymentId` int(11) NOT NULL,
  `typeId` int(11) NOT NULL,
  `buyerId` int(11) NOT NULL,
  `userId` int(11) NOT NULL,
  `seatId` int(11) NOT NULL,
  `seaterId` int(11) NOT NULL,
  PRIMARY KEY (`id`)
) ENGINE=InnoDB DEFAULT CHARSET=latin1 AUTO_INCREMENT=1;

-- --------------------------------------------------------

--
-- Table structure for table `tickettransfers`
--

CREATE TABLE IF NOT EXISTS `tickettransfers` (
  `id` int(11) NOT NULL AUTO_INCREMENT,
  `ticketId` int(11) NOT NULL,
  `fromId` int(11) NOT NULL,
  `toId` int(11) NOT NULL,
  `datetime` datetime NOT NULL,
  `revertable` tinyint(1) NOT NULL,
  PRIMARY KEY (`id`)
) ENGINE=InnoDB DEFAULT CHARSET=latin1 AUTO_INCREMENT=1;

-- --------------------------------------------------------

--
-- Table structure for table `tickettypes`
--

CREATE TABLE IF NOT EXISTS `tickettypes` (
  `id` int(11) NOT NULL AUTO_INCREMENT,
  `internalName` varchar(64) NOT NULL,
  `price` int(11) NOT NULL,
  `humanName` varchar(32) NOT NULL,
  PRIMARY KEY (`id`)
) ENGINE=InnoDB  DEFAULT CHARSET=latin1 AUTO_INCREMENT=1;

--
-- Dumping data for table `tickettypes`
--

INSERT INTO `tickettypes` (`id`, `internalName`, `price`, `humanName`) VALUES
(1, 'deltaker', 350, 'Deltaker'),
(2, 'free', 0, 'Gratisbillett');

/*!40101 SET CHARACTER_SET_CLIENT=@OLD_CHARACTER_SET_CLIENT */;
/*!40101 SET CHARACTER_SET_RESULTS=@OLD_CHARACTER_SET_RESULTS */;
/*!40101 SET COLLATION_CONNECTION=@OLD_COLLATION_CONNECTION */;
