-- phpMyAdmin SQL Dump
-- version 4.7.6
-- https://www.phpmyadmin.net/
--
-- Host: localhost
-- Generation Time: 05. Des, 2017 00:35 AM
-- Server-versjon: 5.7.20-0ubuntu0.16.04.1
-- PHP Version: 7.2.0-1+ubuntu16.04.1+deb.sury.org+1

SET SQL_MODE = "NO_AUTO_VALUE_ON_ZERO";
SET AUTOCOMMIT = 0;
START TRANSACTION;
SET time_zone = "+00:00";


/*!40101 SET @OLD_CHARACTER_SET_CLIENT=@@CHARACTER_SET_CLIENT */;
/*!40101 SET @OLD_CHARACTER_SET_RESULTS=@@CHARACTER_SET_RESULTS */;
/*!40101 SET @OLD_COLLATION_CONNECTION=@@COLLATION_CONNECTION */;
/*!40101 SET NAMES utf8mb4 */;

--
-- Database: `test_infected_no_tickets`
--

-- --------------------------------------------------------

--
-- Tabellstruktur for tabell `checkedintickets`
--

CREATE TABLE `checkedintickets` (
  `id` int(11) NOT NULL,
  `ticketId` int(11) NOT NULL,
  `userId` int(11) NOT NULL
) ENGINE=InnoDB DEFAULT CHARSET=latin1;

--
-- Dataark for tabell `checkedintickets`
--

INSERT INTO `checkedintickets` (`id`, `ticketId`, `userId`) VALUES
(9, 1, 2),
(10, 2, 3),
(11, 3, 1);

-- --------------------------------------------------------

--
-- Tabellstruktur for tabell `entrances`
--

CREATE TABLE `entrances` (
  `id` int(11) NOT NULL,
  `name` varchar(32) NOT NULL,
  `title` varchar(32) NOT NULL
) ENGINE=InnoDB DEFAULT CHARSET=latin1;

--
-- Dataark for tabell `entrances`
--

INSERT INTO `entrances` (`id`, `name`, `title`) VALUES
(1, 'radar-cafe', 'Radar Cafe'),
(2, 'biblioteket', 'Biblioteket');

-- --------------------------------------------------------

--
-- Tabellstruktur for tabell `payments`
--

CREATE TABLE `payments` (
  `id` int(11) NOT NULL,
  `userId` int(11) NOT NULL,
  `ticketTypeId` int(11) NOT NULL,
  `price` int(11) NOT NULL,
  `totalPrice` int(11) NOT NULL,
  `transactionId` varchar(64) NOT NULL,
  `datetime` datetime NOT NULL
) ENGINE=InnoDB DEFAULT CHARSET=latin1;

--
-- Dataark for tabell `payments`
--

INSERT INTO `payments` (`id`, `userId`, `ticketTypeId`, `price`, `totalPrice`, `transactionId`, `datetime`) VALUES
(1, 1, 1, 1, 350, '2FR0683745560705K', '2015-02-03 23:24:35'),
(2, 1, 1, 1, 350, '1JB27503MS155754P', '2015-02-04 19:14:14'),
(3, 1, 1, 1, 350, '3CT78292D2684950H', '2015-02-04 19:16:28'),
(4, 1, 1, 1, 350, '2D315183FA7715535', '2015-02-04 19:42:09');

-- --------------------------------------------------------

--
-- Tabellstruktur for tabell `rows`
--

CREATE TABLE `rows` (
  `id` int(11) NOT NULL,
  `number` int(11) NOT NULL,
  `x` int(11) NOT NULL,
  `y` int(11) NOT NULL,
  `entranceId` int(11) NOT NULL,
  `seatmapId` int(11) NOT NULL
) ENGINE=InnoDB DEFAULT CHARSET=latin1;

--
-- Dataark for tabell `rows`
--

INSERT INTO `rows` (`id`, `number`, `x`, `y`, `entranceId`, `seatmapId`) VALUES
(1, 1, 5, 641, 1, 3),
(2, 2, 42, 641, 1, 3),
(3, 3, 87, 641, 1, 3),
(4, 4, 124, 641, 1, 3),
(5, 5, 169, 641, 1, 3),
(6, 6, 206, 641, 1, 3),
(7, 7, 251, 641, 1, 3),
(8, 8, 288, 641, 1, 3),
(9, 9, 423, 670, 2, 3),
(10, 10, 460, 670, 2, 3),
(11, 11, 505, 670, 2, 3),
(12, 12, 542, 670, 2, 3),
(13, 13, 618, 50, 2, 3),
(14, 14, 655, 50, 2, 3),
(15, 15, 700, 50, 2, 3),
(16, 16, 737, 50, 2, 3),
(17, 17, 618, 1054, 1, 3),
(18, 18, 655, 1054, 1, 3),
(19, 19, 700, 1054, 1, 3),
(20, 20, 737, 1054, 1, 3),
(21, 1, 5, 641, 1, 4),
(22, 2, 42, 641, 1, 4),
(23, 3, 87, 641, 1, 4),
(24, 4, 124, 641, 1, 4),
(25, 5, 169, 641, 1, 4),
(26, 6, 206, 641, 1, 4),
(27, 7, 251, 641, 1, 4),
(28, 8, 288, 641, 1, 4),
(29, 9, 423, 670, 2, 4),
(30, 10, 460, 670, 2, 4),
(31, 11, 505, 670, 2, 4),
(32, 12, 542, 670, 2, 4),
(33, 13, 618, 50, 2, 4),
(34, 14, 655, 50, 2, 4),
(35, 15, 700, 50, 2, 4),
(36, 16, 737, 50, 2, 4),
(37, 17, 618, 1054, 1, 4),
(38, 18, 655, 1054, 1, 4),
(39, 19, 700, 1054, 1, 4),
(40, 20, 737, 1054, 1, 4),
(41, 1, 5, 641, 1, 5),
(42, 2, 42, 641, 1, 5),
(43, 3, 87, 641, 1, 5),
(44, 4, 124, 641, 1, 5),
(45, 5, 169, 641, 1, 5),
(46, 6, 206, 641, 1, 5),
(47, 7, 251, 641, 1, 5),
(48, 8, 288, 641, 1, 5),
(49, 9, 423, 670, 2, 5),
(50, 10, 460, 670, 2, 5),
(51, 11, 505, 670, 2, 5),
(52, 12, 542, 670, 2, 5),
(53, 13, 618, 50, 2, 5),
(54, 14, 655, 50, 2, 5),
(55, 15, 700, 50, 2, 5),
(56, 16, 737, 50, 2, 5),
(57, 17, 618, 1054, 1, 5),
(58, 18, 655, 1054, 1, 5),
(59, 19, 700, 1054, 1, 5),
(60, 20, 737, 1054, 1, 5),
(81, 1, 5, 641, 2, 6),
(82, 2, 42, 641, 2, 6),
(83, 3, 87, 641, 2, 6),
(84, 4, 124, 641, 2, 6),
(85, 5, 169, 641, 2, 6),
(86, 6, 206, 641, 2, 6),
(87, 7, 251, 641, 2, 6),
(88, 8, 288, 641, 2, 6),
(89, 9, 423, 670, 2, 6),
(90, 10, 460, 670, 2, 6),
(91, 11, 505, 670, 2, 6),
(92, 12, 542, 670, 2, 6),
(93, 13, 618, 50, 2, 6),
(94, 14, 655, 50, 2, 6),
(95, 15, 700, 50, 2, 6),
(96, 16, 737, 50, 2, 6),
(97, 17, 618, 1054, 2, 6),
(98, 18, 655, 1054, 2, 6),
(99, 19, 700, 1054, 2, 6),
(100, 20, 737, 1054, 2, 6);

-- --------------------------------------------------------

--
-- Tabellstruktur for tabell `seatmaps`
--

CREATE TABLE `seatmaps` (
  `id` int(11) NOT NULL,
  `humanName` varchar(64) NOT NULL,
  `backgroundImage` varchar(64) NOT NULL
) ENGINE=InnoDB DEFAULT CHARSET=latin1;

--
-- Dataark for tabell `seatmaps`
--

INSERT INTO `seatmaps` (`id`, `humanName`, `backgroundImage`) VALUES
(1, 'Infected Høst 2013', '3c909dc398ff5d8325e95d73dba7c0c6.jpg'),
(2, 'Infected Vinter 2014', '3c909dc398ff5d8325e95d73dba7c0c6.jpg'),
(3, 'Infected Høst 2014', '3c909dc398ff5d8325e95d73dba7c0c6.jpg'),
(4, 'Infected Vinter 2015', '3c909dc398ff5d8325e95d73dba7c0c6.jpg'),
(5, 'Infected Høst 2015', '3c909dc398ff5d8325e95d73dba7c0c6.jpg'),
(6, 'Infected Vinter 2016', '3c909dc398ff5d8325e95d73dba7c0c6.jpg'),
(7, 'Infected Høst 2016', '3c909dc398ff5d8325e95d73dba7c0c6.jpg'),
(8, 'Infected Vinter 2017', '3c909dc398ff5d8325e95d73dba7c0c6.jpg'),
(9, 'Infected Høst 2017', '3c909dc398ff5d8325e95d73dba7c0c6.jpg'),
(10, 'Infected Vinter 2018', '3c909dc398ff5d8325e95d73dba7c0c6.jpg');

-- --------------------------------------------------------

--
-- Tabellstruktur for tabell `seats`
--

CREATE TABLE `seats` (
  `id` int(11) NOT NULL,
  `rowId` int(11) NOT NULL,
  `number` int(11) NOT NULL
) ENGINE=InnoDB DEFAULT CHARSET=latin1;

--
-- Dataark for tabell `seats`
--

INSERT INTO `seats` (`id`, `rowId`, `number`) VALUES
(1, 1, 1),
(2, 1, 2),
(3, 1, 3),
(4, 1, 4),
(5, 1, 5),
(6, 1, 6),
(7, 1, 7),
(8, 1, 8),
(9, 1, 9),
(10, 1, 10),
(11, 1, 11),
(12, 1, 12),
(13, 1, 13),
(14, 1, 14),
(15, 1, 15),
(16, 1, 16),
(17, 1, 17),
(18, 1, 18),
(19, 2, 1),
(20, 2, 2),
(21, 2, 3),
(22, 2, 4),
(23, 2, 5),
(24, 2, 6),
(25, 2, 7),
(26, 2, 8),
(27, 2, 9),
(28, 2, 10),
(29, 2, 11),
(30, 2, 12),
(31, 2, 13),
(32, 2, 14),
(33, 2, 15),
(34, 2, 16),
(35, 2, 17),
(36, 2, 18),
(37, 3, 1),
(38, 3, 2),
(39, 3, 3),
(40, 3, 4),
(41, 3, 5),
(42, 3, 6),
(43, 3, 7),
(44, 3, 8),
(45, 3, 9),
(46, 3, 10),
(47, 3, 11),
(48, 3, 12),
(49, 3, 13),
(50, 3, 14),
(51, 3, 15),
(52, 3, 16),
(53, 3, 17),
(54, 3, 18),
(55, 4, 1),
(56, 4, 2),
(57, 4, 3),
(58, 4, 4),
(59, 4, 5),
(60, 4, 6),
(61, 4, 7),
(62, 4, 8),
(63, 4, 9),
(64, 4, 10),
(65, 4, 11),
(66, 4, 12),
(67, 4, 13),
(68, 4, 14),
(69, 4, 15),
(70, 4, 16),
(71, 4, 17),
(72, 4, 18),
(73, 5, 1),
(74, 5, 2),
(75, 5, 3),
(76, 5, 4),
(77, 5, 5),
(78, 5, 6),
(79, 5, 7),
(80, 5, 8),
(81, 5, 9),
(82, 5, 10),
(83, 5, 11),
(84, 5, 12),
(85, 5, 13),
(86, 5, 14),
(87, 5, 15),
(88, 5, 16),
(89, 5, 17),
(90, 5, 18),
(91, 6, 1),
(92, 6, 2),
(93, 6, 3),
(94, 6, 4),
(95, 6, 5),
(96, 6, 6),
(97, 6, 7),
(98, 6, 8),
(99, 6, 9),
(100, 6, 10),
(101, 6, 11),
(102, 6, 12),
(103, 6, 13),
(104, 6, 14),
(105, 6, 15),
(106, 6, 16),
(107, 6, 17),
(108, 6, 18),
(109, 7, 1),
(110, 7, 2),
(111, 7, 3),
(112, 7, 4),
(113, 7, 5),
(114, 7, 6),
(115, 7, 7),
(116, 7, 8),
(117, 7, 9),
(118, 7, 10),
(119, 7, 11),
(120, 7, 12),
(121, 7, 13),
(122, 7, 14),
(123, 7, 15),
(124, 7, 16),
(125, 7, 17),
(126, 7, 18),
(127, 8, 1),
(128, 8, 2),
(129, 8, 3),
(130, 8, 4),
(131, 8, 5),
(132, 8, 6),
(133, 8, 7),
(134, 8, 8),
(135, 8, 9),
(136, 8, 10),
(137, 8, 11),
(138, 8, 12),
(139, 8, 13),
(140, 8, 14),
(141, 8, 15),
(142, 8, 16),
(143, 8, 17),
(144, 8, 18),
(145, 9, 1),
(146, 9, 2),
(147, 9, 3),
(148, 9, 4),
(149, 9, 5),
(150, 9, 6),
(151, 9, 7),
(152, 9, 8),
(153, 9, 9),
(154, 9, 10),
(155, 9, 11),
(156, 9, 12),
(157, 9, 13),
(158, 9, 14),
(159, 9, 15),
(160, 9, 16),
(161, 9, 17),
(162, 9, 18),
(163, 9, 19),
(164, 9, 20),
(165, 10, 1),
(166, 10, 2),
(167, 10, 3),
(168, 10, 4),
(169, 10, 5),
(170, 10, 6),
(171, 10, 7),
(172, 10, 8),
(173, 10, 9),
(174, 10, 10),
(175, 10, 11),
(176, 10, 12),
(177, 10, 13),
(178, 10, 14),
(179, 10, 15),
(180, 10, 16),
(181, 10, 17),
(182, 10, 18),
(183, 10, 19),
(184, 10, 20),
(185, 11, 1),
(186, 11, 2),
(187, 11, 3),
(188, 11, 4),
(189, 11, 5),
(190, 11, 6),
(191, 11, 7),
(192, 11, 8),
(193, 11, 9),
(194, 11, 10),
(195, 11, 11),
(196, 11, 12),
(197, 11, 13),
(198, 11, 14),
(199, 11, 15),
(200, 11, 16),
(201, 11, 17),
(202, 11, 18),
(203, 11, 19),
(204, 11, 20),
(205, 12, 1),
(206, 12, 2),
(207, 12, 3),
(208, 12, 4),
(209, 12, 5),
(210, 12, 6),
(211, 12, 7),
(212, 12, 8),
(213, 12, 9),
(214, 12, 10),
(215, 12, 11),
(216, 12, 12),
(217, 12, 13),
(218, 12, 14),
(219, 12, 15),
(220, 12, 16),
(221, 12, 17),
(222, 12, 18),
(223, 12, 19),
(224, 12, 20),
(225, 13, 1),
(226, 13, 2),
(227, 13, 3),
(228, 13, 4),
(229, 13, 5),
(230, 13, 6),
(231, 13, 7),
(232, 13, 8),
(233, 13, 9),
(234, 13, 10),
(235, 13, 11),
(236, 13, 12),
(237, 13, 13),
(238, 13, 14),
(239, 13, 15),
(240, 13, 16),
(241, 13, 17),
(242, 13, 18),
(243, 13, 19),
(244, 13, 20),
(245, 13, 21),
(246, 13, 22),
(247, 13, 23),
(248, 13, 24),
(249, 13, 25),
(250, 13, 26),
(251, 13, 27),
(252, 13, 28),
(253, 14, 1),
(254, 14, 2),
(255, 14, 3),
(256, 14, 4),
(257, 14, 5),
(258, 14, 6),
(259, 14, 7),
(260, 14, 8),
(261, 14, 9),
(262, 14, 10),
(263, 14, 11),
(264, 14, 12),
(265, 14, 13),
(266, 14, 14),
(267, 14, 15),
(268, 14, 16),
(269, 14, 17),
(270, 14, 18),
(271, 14, 19),
(272, 14, 20),
(273, 14, 21),
(274, 14, 22),
(275, 14, 23),
(276, 14, 24),
(277, 14, 25),
(278, 14, 26),
(279, 14, 27),
(280, 14, 28),
(281, 15, 1),
(282, 15, 2),
(283, 15, 3),
(284, 15, 4),
(285, 15, 5),
(286, 15, 6),
(287, 15, 7),
(288, 15, 8),
(289, 15, 9),
(290, 15, 10),
(291, 15, 11),
(292, 15, 12),
(293, 15, 13),
(294, 15, 14),
(295, 15, 15),
(296, 15, 16),
(297, 15, 17),
(298, 15, 18),
(299, 15, 19),
(300, 15, 20),
(301, 15, 21),
(302, 15, 22),
(303, 15, 23),
(304, 15, 24),
(305, 15, 25),
(306, 15, 26),
(307, 15, 27),
(308, 15, 28),
(309, 16, 1),
(310, 16, 2),
(311, 16, 3),
(312, 16, 4),
(313, 16, 5),
(314, 16, 6),
(315, 16, 7),
(316, 16, 8),
(317, 16, 9),
(318, 16, 10),
(319, 16, 11),
(320, 16, 12),
(321, 16, 13),
(322, 16, 14),
(323, 16, 15),
(324, 16, 16),
(325, 16, 17),
(326, 16, 18),
(327, 16, 19),
(328, 16, 20),
(329, 16, 21),
(330, 16, 22),
(331, 16, 23),
(332, 16, 24),
(333, 16, 25),
(334, 16, 26),
(335, 16, 27),
(336, 16, 28),
(337, 17, 1),
(338, 17, 2),
(339, 17, 3),
(340, 17, 4),
(341, 17, 5),
(342, 17, 6),
(343, 17, 7),
(344, 17, 8),
(345, 18, 1),
(346, 18, 2),
(347, 18, 3),
(348, 18, 4),
(349, 18, 5),
(350, 18, 6),
(351, 18, 7),
(352, 18, 8),
(353, 19, 1),
(354, 19, 2),
(355, 19, 3),
(356, 19, 4),
(357, 19, 5),
(358, 19, 6),
(359, 19, 7),
(360, 19, 8),
(361, 20, 1),
(362, 20, 2),
(363, 20, 3),
(364, 20, 4),
(365, 20, 5),
(366, 20, 6),
(367, 20, 7),
(368, 20, 8),
(369, 21, 1),
(370, 21, 2),
(371, 21, 3),
(372, 21, 4),
(373, 21, 5),
(374, 21, 6),
(375, 21, 7),
(376, 21, 8),
(377, 21, 9),
(378, 21, 10),
(379, 21, 11),
(380, 21, 12),
(381, 21, 13),
(382, 21, 14),
(383, 21, 15),
(384, 21, 16),
(385, 21, 17),
(386, 21, 18),
(387, 22, 1),
(388, 22, 2),
(389, 22, 3),
(390, 22, 4),
(391, 22, 5),
(392, 22, 6),
(393, 22, 7),
(394, 22, 8),
(395, 22, 9),
(396, 22, 10),
(397, 22, 11),
(398, 22, 12),
(399, 22, 13),
(400, 22, 14),
(401, 22, 15),
(402, 22, 16),
(403, 22, 17),
(404, 22, 18),
(405, 23, 1),
(406, 23, 2),
(407, 23, 3),
(408, 23, 4),
(409, 23, 5),
(410, 23, 6),
(411, 23, 7),
(412, 23, 8),
(413, 23, 9),
(414, 23, 10),
(415, 23, 11),
(416, 23, 12),
(417, 23, 13),
(418, 23, 14),
(419, 23, 15),
(420, 23, 16),
(421, 23, 17),
(422, 23, 18),
(423, 24, 1),
(424, 24, 2),
(425, 24, 3),
(426, 24, 4),
(427, 24, 5),
(428, 24, 6),
(429, 24, 7),
(430, 24, 8),
(431, 24, 9),
(432, 24, 10),
(433, 24, 11),
(434, 24, 12),
(435, 24, 13),
(436, 24, 14),
(437, 24, 15),
(438, 24, 16),
(439, 24, 17),
(440, 24, 18),
(441, 25, 1),
(442, 25, 2),
(443, 25, 3),
(444, 25, 4),
(445, 25, 5),
(446, 25, 6),
(447, 25, 7),
(448, 25, 8),
(449, 25, 9),
(450, 25, 10),
(451, 25, 11),
(452, 25, 12),
(453, 25, 13),
(454, 25, 14),
(455, 25, 15),
(456, 25, 16),
(457, 25, 17),
(458, 25, 18),
(459, 26, 1),
(460, 26, 2),
(461, 26, 3),
(462, 26, 4),
(463, 26, 5),
(464, 26, 6),
(465, 26, 7),
(466, 26, 8),
(467, 26, 9),
(468, 26, 10),
(469, 26, 11),
(470, 26, 12),
(471, 26, 13),
(472, 26, 14),
(473, 26, 15),
(474, 26, 16),
(475, 26, 17),
(476, 26, 18),
(477, 27, 1),
(478, 27, 2),
(479, 27, 3),
(480, 27, 4),
(481, 27, 5),
(482, 27, 6),
(483, 27, 7),
(484, 27, 8),
(485, 27, 9),
(486, 27, 10),
(487, 27, 11),
(488, 27, 12),
(489, 27, 13),
(490, 27, 14),
(491, 27, 15),
(492, 27, 16),
(493, 27, 17),
(494, 27, 18),
(495, 28, 1),
(496, 28, 2),
(497, 28, 3),
(498, 28, 4),
(499, 28, 5),
(500, 28, 6),
(501, 28, 7),
(502, 28, 8),
(503, 28, 9),
(504, 28, 10),
(505, 28, 11),
(506, 28, 12),
(507, 28, 13),
(508, 28, 14),
(509, 28, 15),
(510, 28, 16),
(511, 28, 17),
(512, 28, 18),
(513, 29, 1),
(514, 29, 2),
(515, 29, 3),
(516, 29, 4),
(517, 29, 5),
(518, 29, 6),
(519, 29, 7),
(520, 29, 8),
(521, 29, 9),
(522, 29, 10),
(523, 29, 11),
(524, 29, 12),
(525, 29, 13),
(526, 29, 14),
(527, 29, 15),
(528, 29, 16),
(529, 29, 17),
(530, 29, 18),
(531, 29, 19),
(532, 29, 20),
(533, 30, 1),
(534, 30, 2),
(535, 30, 3),
(536, 30, 4),
(537, 30, 5),
(538, 30, 6),
(539, 30, 7),
(540, 30, 8),
(541, 30, 9),
(542, 30, 10),
(543, 30, 11),
(544, 30, 12),
(545, 30, 13),
(546, 30, 14),
(547, 30, 15),
(548, 30, 16),
(549, 30, 17),
(550, 30, 18),
(551, 30, 19),
(552, 30, 20),
(553, 31, 1),
(554, 31, 2),
(555, 31, 3),
(556, 31, 4),
(557, 31, 5),
(558, 31, 6),
(559, 31, 7),
(560, 31, 8),
(561, 31, 9),
(562, 31, 10),
(563, 31, 11),
(564, 31, 12),
(565, 31, 13),
(566, 31, 14),
(567, 31, 15),
(568, 31, 16),
(569, 31, 17),
(570, 31, 18),
(571, 31, 19),
(572, 31, 20),
(573, 32, 1),
(574, 32, 2),
(575, 32, 3),
(576, 32, 4),
(577, 32, 5),
(578, 32, 6),
(579, 32, 7),
(580, 32, 8),
(581, 32, 9),
(582, 32, 10),
(583, 32, 11),
(584, 32, 12),
(585, 32, 13),
(586, 32, 14),
(587, 32, 15),
(588, 32, 16),
(589, 32, 17),
(590, 32, 18),
(591, 32, 19),
(592, 32, 20),
(593, 33, 1),
(594, 33, 2),
(595, 33, 3),
(596, 33, 4),
(597, 33, 5),
(598, 33, 6),
(599, 33, 7),
(600, 33, 8),
(601, 33, 9),
(602, 33, 10),
(603, 33, 11),
(604, 33, 12),
(605, 33, 13),
(606, 33, 14),
(607, 33, 15),
(608, 33, 16),
(609, 33, 17),
(610, 33, 18),
(611, 33, 19),
(612, 33, 20),
(613, 33, 21),
(614, 33, 22),
(615, 33, 23),
(616, 33, 24),
(617, 33, 25),
(618, 33, 26),
(619, 33, 27),
(620, 33, 28),
(621, 34, 1),
(622, 34, 2),
(623, 34, 3),
(624, 34, 4),
(625, 34, 5),
(626, 34, 6),
(627, 34, 7),
(628, 34, 8),
(629, 34, 9),
(630, 34, 10),
(631, 34, 11),
(632, 34, 12),
(633, 34, 13),
(634, 34, 14),
(635, 34, 15),
(636, 34, 16),
(637, 34, 17),
(638, 34, 18),
(639, 34, 19),
(640, 34, 20),
(641, 34, 21),
(642, 34, 22),
(643, 34, 23),
(644, 34, 24),
(645, 34, 25),
(646, 34, 26),
(647, 34, 27),
(648, 34, 28),
(649, 35, 1),
(650, 35, 2),
(651, 35, 3),
(652, 35, 4),
(653, 35, 5),
(654, 35, 6),
(655, 35, 7),
(656, 35, 8),
(657, 35, 9),
(658, 35, 10),
(659, 35, 11),
(660, 35, 12),
(661, 35, 13),
(662, 35, 14),
(663, 35, 15),
(664, 35, 16),
(665, 35, 17),
(666, 35, 18),
(667, 35, 19),
(668, 35, 20),
(669, 35, 21),
(670, 35, 22),
(671, 35, 23),
(672, 35, 24),
(673, 35, 25),
(674, 35, 26),
(675, 35, 27),
(676, 35, 28),
(677, 36, 1),
(678, 36, 2),
(679, 36, 3),
(680, 36, 4),
(681, 36, 5),
(682, 36, 6),
(683, 36, 7),
(684, 36, 8),
(685, 36, 9),
(686, 36, 10),
(687, 36, 11),
(688, 36, 12),
(689, 36, 13),
(690, 36, 14),
(691, 36, 15),
(692, 36, 16),
(693, 36, 17),
(694, 36, 18),
(695, 36, 19),
(696, 36, 20),
(697, 36, 21),
(698, 36, 22),
(699, 36, 23),
(700, 36, 24),
(701, 36, 25),
(702, 36, 26),
(703, 36, 27),
(704, 36, 28),
(705, 37, 1),
(706, 37, 2),
(707, 37, 3),
(708, 37, 4),
(709, 37, 5),
(710, 37, 6),
(711, 37, 7),
(712, 37, 8),
(713, 38, 1),
(714, 38, 2),
(715, 38, 3),
(716, 38, 4),
(717, 38, 5),
(718, 38, 6),
(719, 38, 7),
(720, 38, 8),
(721, 39, 1),
(722, 39, 2),
(723, 39, 3),
(724, 39, 4),
(725, 39, 5),
(726, 39, 6),
(727, 39, 7),
(728, 39, 8),
(729, 40, 1),
(730, 40, 2),
(731, 40, 3),
(732, 40, 4),
(733, 40, 5),
(734, 40, 6),
(735, 40, 7),
(736, 40, 8),
(737, 81, 1),
(738, 81, 2),
(739, 81, 3),
(740, 81, 4),
(741, 81, 5),
(742, 81, 6),
(743, 81, 7),
(744, 81, 8),
(745, 81, 9),
(746, 81, 10),
(747, 81, 11),
(748, 81, 12),
(749, 81, 13),
(750, 81, 14),
(751, 81, 15),
(752, 81, 16),
(753, 81, 17),
(754, 81, 18),
(755, 82, 1),
(756, 82, 2),
(757, 82, 3),
(758, 82, 4),
(759, 82, 5),
(760, 82, 6),
(761, 82, 7),
(762, 82, 8),
(763, 82, 9),
(764, 82, 10),
(765, 82, 11),
(766, 82, 12),
(767, 82, 13),
(768, 82, 14),
(769, 82, 15),
(770, 82, 16),
(771, 82, 17),
(772, 82, 18),
(773, 83, 1),
(774, 83, 2),
(775, 83, 3),
(776, 83, 4),
(777, 83, 5),
(778, 83, 6),
(779, 83, 7),
(780, 83, 8),
(781, 83, 9),
(782, 83, 10),
(783, 83, 11),
(784, 83, 12),
(785, 83, 13),
(786, 83, 14),
(787, 83, 15),
(788, 83, 16),
(789, 83, 17),
(790, 83, 18),
(791, 84, 1),
(792, 84, 2),
(793, 84, 3),
(794, 84, 4),
(795, 84, 5),
(796, 84, 6),
(797, 84, 7),
(798, 84, 8),
(799, 84, 9),
(800, 84, 10),
(801, 84, 11),
(802, 84, 12),
(803, 84, 13),
(804, 84, 14),
(805, 84, 15),
(806, 84, 16),
(807, 84, 17),
(808, 84, 18),
(809, 85, 1),
(810, 85, 2),
(811, 85, 3),
(812, 85, 4),
(813, 85, 5),
(814, 85, 6),
(815, 85, 7),
(816, 85, 8),
(817, 85, 9),
(818, 85, 10),
(819, 85, 11),
(820, 85, 12),
(821, 85, 13),
(822, 85, 14),
(823, 85, 15),
(824, 85, 16),
(825, 85, 17),
(826, 85, 18),
(827, 86, 1),
(828, 86, 2),
(829, 86, 3),
(830, 86, 4),
(831, 86, 5),
(832, 86, 6),
(833, 86, 7),
(834, 86, 8),
(835, 86, 9),
(836, 86, 10),
(837, 86, 11),
(838, 86, 12),
(839, 86, 13),
(840, 86, 14),
(841, 86, 15),
(842, 86, 16),
(843, 86, 17),
(844, 86, 18),
(845, 87, 1),
(846, 87, 2),
(847, 87, 3),
(848, 87, 4),
(849, 87, 5),
(850, 87, 6),
(851, 87, 7),
(852, 87, 8),
(853, 87, 9),
(854, 87, 10),
(855, 87, 11),
(856, 87, 12),
(857, 87, 13),
(858, 87, 14),
(859, 87, 15),
(860, 87, 16),
(861, 87, 17),
(862, 87, 18),
(863, 88, 1),
(864, 88, 2),
(865, 88, 3),
(866, 88, 4),
(867, 88, 5),
(868, 88, 6),
(869, 88, 7),
(870, 88, 8),
(871, 88, 9),
(872, 88, 10),
(873, 88, 11),
(874, 88, 12),
(875, 88, 13),
(876, 88, 14),
(877, 88, 15),
(878, 88, 16),
(879, 88, 17),
(880, 88, 18),
(881, 89, 1),
(882, 89, 2),
(883, 89, 3),
(884, 89, 4),
(885, 89, 5),
(886, 89, 6),
(887, 89, 7),
(888, 89, 8),
(889, 89, 9),
(890, 89, 10),
(891, 89, 11),
(892, 89, 12),
(893, 89, 13),
(894, 89, 14),
(895, 89, 15),
(896, 89, 16),
(897, 89, 17),
(898, 89, 18),
(899, 89, 19),
(900, 89, 20),
(901, 90, 1),
(902, 90, 2),
(903, 90, 3),
(904, 90, 4),
(905, 90, 5),
(906, 90, 6),
(907, 90, 7),
(908, 90, 8),
(909, 90, 9),
(910, 90, 10),
(911, 90, 11),
(912, 90, 12),
(913, 90, 13),
(914, 90, 14),
(915, 90, 15),
(916, 90, 16),
(917, 90, 17),
(918, 90, 18),
(919, 90, 19),
(920, 90, 20),
(921, 91, 1),
(922, 91, 2),
(923, 91, 3),
(924, 91, 4),
(925, 91, 5),
(926, 91, 6),
(927, 91, 7),
(928, 91, 8),
(929, 91, 9),
(930, 91, 10),
(931, 91, 11),
(932, 91, 12),
(933, 91, 13),
(934, 91, 14),
(935, 91, 15),
(936, 91, 16),
(937, 91, 17),
(938, 91, 18),
(939, 91, 19),
(940, 91, 20),
(941, 92, 1),
(942, 92, 2),
(943, 92, 3),
(944, 92, 4),
(945, 92, 5),
(946, 92, 6),
(947, 92, 7),
(948, 92, 8),
(949, 92, 9),
(950, 92, 10),
(951, 92, 11),
(952, 92, 12),
(953, 92, 13),
(954, 92, 14),
(955, 92, 15),
(956, 92, 16),
(957, 92, 17),
(958, 92, 18),
(959, 92, 19),
(960, 92, 20),
(961, 93, 1),
(962, 93, 2),
(963, 93, 3),
(964, 93, 4),
(965, 93, 5),
(966, 93, 6),
(967, 93, 7),
(968, 93, 8),
(969, 93, 9),
(970, 93, 10),
(971, 93, 11),
(972, 93, 12),
(973, 93, 13),
(974, 93, 14),
(975, 93, 15),
(976, 93, 16),
(977, 93, 17),
(978, 93, 18),
(979, 93, 19),
(980, 93, 20),
(981, 93, 21),
(982, 93, 22),
(983, 93, 23),
(984, 93, 24),
(985, 93, 25),
(986, 93, 26),
(987, 93, 27),
(988, 93, 28),
(989, 94, 1),
(990, 94, 2),
(991, 94, 3),
(992, 94, 4),
(993, 94, 5),
(994, 94, 6),
(995, 94, 7),
(996, 94, 8),
(997, 94, 9),
(998, 94, 10),
(999, 94, 11),
(1000, 94, 12),
(1001, 94, 13),
(1002, 94, 14),
(1003, 94, 15),
(1004, 94, 16),
(1005, 94, 17),
(1006, 94, 18),
(1007, 94, 19),
(1008, 94, 20),
(1009, 94, 21),
(1010, 94, 22),
(1011, 94, 23),
(1012, 94, 24),
(1013, 94, 25),
(1014, 94, 26),
(1015, 94, 27),
(1016, 94, 28),
(1017, 95, 1),
(1018, 95, 2),
(1019, 95, 3),
(1020, 95, 4),
(1021, 95, 5),
(1022, 95, 6),
(1023, 95, 7),
(1024, 95, 8),
(1025, 95, 9),
(1026, 95, 10),
(1027, 95, 11),
(1028, 95, 12),
(1029, 95, 13),
(1030, 95, 14),
(1031, 95, 15),
(1032, 95, 16),
(1033, 95, 17),
(1034, 95, 18),
(1035, 95, 19),
(1036, 95, 20),
(1037, 95, 21),
(1038, 95, 22),
(1039, 95, 23),
(1040, 95, 24),
(1041, 95, 25),
(1042, 95, 26),
(1043, 95, 27),
(1044, 95, 28),
(1045, 96, 1),
(1046, 96, 2),
(1047, 96, 3),
(1048, 96, 4),
(1049, 96, 5),
(1050, 96, 6),
(1051, 96, 7),
(1052, 96, 8),
(1053, 96, 9),
(1054, 96, 10),
(1055, 96, 11),
(1056, 96, 12),
(1057, 96, 13),
(1058, 96, 14),
(1059, 96, 15),
(1060, 96, 16),
(1061, 96, 17),
(1062, 96, 18),
(1063, 96, 19),
(1064, 96, 20),
(1065, 96, 21),
(1066, 96, 22),
(1067, 96, 23),
(1068, 96, 24),
(1069, 96, 25),
(1070, 96, 26),
(1071, 96, 27),
(1072, 96, 28),
(1073, 97, 1),
(1074, 97, 2),
(1075, 97, 3),
(1076, 97, 4),
(1077, 97, 5),
(1078, 97, 6),
(1079, 97, 7),
(1080, 97, 8),
(1081, 98, 1),
(1082, 98, 2),
(1083, 98, 3),
(1084, 98, 4),
(1085, 98, 5),
(1086, 98, 6),
(1087, 98, 7),
(1088, 98, 8),
(1089, 99, 1),
(1090, 99, 2),
(1091, 99, 3),
(1092, 99, 4),
(1093, 99, 5),
(1094, 99, 6),
(1095, 99, 7),
(1096, 99, 8),
(1097, 100, 1),
(1098, 100, 2),
(1099, 100, 3),
(1100, 100, 4),
(1101, 100, 5),
(1102, 100, 6),
(1103, 100, 7),
(1104, 100, 8);

-- --------------------------------------------------------

--
-- Tabellstruktur for tabell `storesessions`
--

CREATE TABLE `storesessions` (
  `id` int(11) NOT NULL,
  `userId` int(11) NOT NULL,
  `ticketTypeId` int(11) NOT NULL,
  `amount` int(11) NOT NULL,
  `code` varchar(64) NOT NULL,
  `price` int(11) NOT NULL,
  `datetime` datetime NOT NULL
) ENGINE=InnoDB DEFAULT CHARSET=latin1;

--
-- Dataark for tabell `storesessions`
--

INSERT INTO `storesessions` (`id`, `userId`, `ticketTypeId`, `amount`, `code`, `price`, `datetime`) VALUES
(1, 1, 1, 1, 'c8339f0fd9a25a4351f618495ade78d7', 350, '2015-02-03 23:23:20'),
(2, 1, 1, 1, '87d7080c41eee28af768c3d55b3b94d0', 350, '2015-02-04 17:04:20');

-- --------------------------------------------------------

--
-- Tabellstruktur for tabell `tickets`
--

CREATE TABLE `tickets` (
  `id` int(11) NOT NULL,
  `eventId` int(11) NOT NULL,
  `paymentId` int(11) NOT NULL,
  `typeId` int(11) NOT NULL,
  `buyerId` int(11) NOT NULL,
  `userId` int(11) NOT NULL,
  `seatId` int(11) NOT NULL,
  `seaterId` int(11) NOT NULL
) ENGINE=InnoDB DEFAULT CHARSET=latin1;

--
-- Dataark for tabell `tickets`
--

INSERT INTO `tickets` (`id`, `eventId`, `paymentId`, `typeId`, `buyerId`, `userId`, `seatId`, `seaterId`) VALUES
(3, 5, 0, 1, 0, 2, 0, 0),
(4, 5, 0, 1, 2, 2, 0, 0),
(5, 5, 0, 1, 2, 2, 0, 0),
(1337, 5, 0, 1, 2, 2, 2, 2),
(6, 5, 0, 1, 3, 3, 0, 0),
(7, 5, 0, 1, 4, 4, 0, 0),
(8, 5, 0, 1, 5, 5, 0, 0),
(9, 5, 0, 1, 6, 6, 0, 0),
(10, 5, 0, 1, 7, 7, 0, 0),
(11, 5, 0, 1, 8, 8, 0, 0),
(12, 5, 0, 1, 9, 9, 0, 0),
(13, 5, 0, 1, 10, 10, 0, 0),
(14, 5, 0, 1, 11, 11, 0, 0),
(15, 5, 0, 1, 12, 12, 0, 0),
(16, 5, 0, 1, 13, 13, 0, 0),
(17, 5, 0, 1, 14, 14, 0, 0),
(18, 5, 0, 1, 15, 15, 0, 0),
(19, 5, 0, 1, 16, 16, 0, 0),
(1338, 5, 0, 1, 19, 19, 0, 0),
(1339, 5, 0, 1, 20, 20, 0, 0),
(2, 5, 0, 2, 3, 2, 3, 3),
(20, 5, 1, 3, 1, 1, 0, 0),
(21, 5, 4, 1, 1, 1, 0, 0),
(1340, 9, 0, 2, 0, 302, 0, 0);

-- --------------------------------------------------------

--
-- Tabellstruktur for tabell `tickettransfers`
--

CREATE TABLE `tickettransfers` (
  `id` int(11) NOT NULL,
  `ticketId` int(11) NOT NULL,
  `fromId` int(11) NOT NULL,
  `toId` int(11) NOT NULL,
  `datetime` datetime NOT NULL,
  `revertable` tinyint(1) NOT NULL
) ENGINE=InnoDB DEFAULT CHARSET=latin1;

-- --------------------------------------------------------

--
-- Tabellstruktur for tabell `tickettypes`
--

CREATE TABLE `tickettypes` (
  `id` int(11) NOT NULL,
  `name` varchar(64) NOT NULL,
  `title` varchar(32) NOT NULL,
  `price` int(11) NOT NULL
) ENGINE=InnoDB DEFAULT CHARSET=latin1;

--
-- Dataark for tabell `tickettypes`
--

INSERT INTO `tickettypes` (`id`, `name`, `title`, `price`) VALUES
(1, 'participant', 'Deltaker', 350),
(2, 'free', 'Gratis', 0);

--
-- Indexes for dumped tables
--

--
-- Indexes for table `checkedintickets`
--
ALTER TABLE `checkedintickets`
  ADD PRIMARY KEY (`id`),
  ADD KEY `index` (`ticketId`,`userId`);

--
-- Indexes for table `entrances`
--
ALTER TABLE `entrances`
  ADD PRIMARY KEY (`id`);

--
-- Indexes for table `payments`
--
ALTER TABLE `payments`
  ADD PRIMARY KEY (`id`),
  ADD KEY `index` (`userId`,`ticketTypeId`);

--
-- Indexes for table `rows`
--
ALTER TABLE `rows`
  ADD PRIMARY KEY (`id`),
  ADD KEY `index` (`entranceId`,`seatmapId`);

--
-- Indexes for table `seatmaps`
--
ALTER TABLE `seatmaps`
  ADD PRIMARY KEY (`id`);

--
-- Indexes for table `seats`
--
ALTER TABLE `seats`
  ADD PRIMARY KEY (`id`),
  ADD KEY `index` (`rowId`);

--
-- Indexes for table `storesessions`
--
ALTER TABLE `storesessions`
  ADD PRIMARY KEY (`id`),
  ADD KEY `index` (`userId`,`ticketTypeId`);

--
-- Indexes for table `tickets`
--
ALTER TABLE `tickets`
  ADD PRIMARY KEY (`id`),
  ADD KEY `index` (`eventId`,`paymentId`,`typeId`,`buyerId`,`userId`,`seatId`,`seaterId`);

--
-- Indexes for table `tickettransfers`
--
ALTER TABLE `tickettransfers`
  ADD PRIMARY KEY (`id`),
  ADD KEY `index` (`ticketId`,`fromId`,`toId`);

--
-- Indexes for table `tickettypes`
--
ALTER TABLE `tickettypes`
  ADD PRIMARY KEY (`id`);

--
-- AUTO_INCREMENT for dumped tables
--

--
-- AUTO_INCREMENT for table `checkedintickets`
--
ALTER TABLE `checkedintickets`
  MODIFY `id` int(11) NOT NULL AUTO_INCREMENT, AUTO_INCREMENT=12;

--
-- AUTO_INCREMENT for table `entrances`
--
ALTER TABLE `entrances`
  MODIFY `id` int(11) NOT NULL AUTO_INCREMENT, AUTO_INCREMENT=3;

--
-- AUTO_INCREMENT for table `payments`
--
ALTER TABLE `payments`
  MODIFY `id` int(11) NOT NULL AUTO_INCREMENT, AUTO_INCREMENT=5;

--
-- AUTO_INCREMENT for table `rows`
--
ALTER TABLE `rows`
  MODIFY `id` int(11) NOT NULL AUTO_INCREMENT, AUTO_INCREMENT=101;

--
-- AUTO_INCREMENT for table `seatmaps`
--
ALTER TABLE `seatmaps`
  MODIFY `id` int(11) NOT NULL AUTO_INCREMENT, AUTO_INCREMENT=11;

--
-- AUTO_INCREMENT for table `seats`
--
ALTER TABLE `seats`
  MODIFY `id` int(11) NOT NULL AUTO_INCREMENT, AUTO_INCREMENT=1105;

--
-- AUTO_INCREMENT for table `storesessions`
--
ALTER TABLE `storesessions`
  MODIFY `id` int(11) NOT NULL AUTO_INCREMENT, AUTO_INCREMENT=3;

--
-- AUTO_INCREMENT for table `tickets`
--
ALTER TABLE `tickets`
  MODIFY `id` int(11) NOT NULL AUTO_INCREMENT, AUTO_INCREMENT=1341;

--
-- AUTO_INCREMENT for table `tickettransfers`
--
ALTER TABLE `tickettransfers`
  MODIFY `id` int(11) NOT NULL AUTO_INCREMENT;

--
-- AUTO_INCREMENT for table `tickettypes`
--
ALTER TABLE `tickettypes`
  MODIFY `id` int(11) NOT NULL AUTO_INCREMENT, AUTO_INCREMENT=3;
COMMIT;

/*!40101 SET CHARACTER_SET_CLIENT=@OLD_CHARACTER_SET_CLIENT */;
/*!40101 SET CHARACTER_SET_RESULTS=@OLD_CHARACTER_SET_RESULTS */;
/*!40101 SET COLLATION_CONNECTION=@OLD_COLLATION_CONNECTION */;
